{
	"pr_telemetry":	{
		"cabin_heating":	false,
		"cabin_cooling":	true,
		"co2_scrubber":	true,
		"lights_on":	true,
		"brakes":	false,
		"throttle":	0,
		"steering":	-0.7,
		"rover_pos_x":	-5669.600098,
		"rover_pos_y":	-10076.900391,
		"rover_pos_z":	1440.400024,
		"heading":	176.900009,
		"pitch":	3.8,
		"roll":	-2.2,
		"distance_traveled":	7.9,
		"speed":	0,
		"sunlight":	53.725494,
		"surface_incline":	3.4,
		"lidar":	[-222305.06, 525.34, 1216.35, 535.15, -1, 422.97, 424.3, 403.88, 393.68, 651.53, 302.2, 298.34, 639.47, 878.73, -1, 709.44, -1],
		"oxygen_storage":	98.239959716796875,
		"oxygen_pressure":	2947.19873046875,
		"cabin_pressure":	4.03372573852539,
		"cabin_temperature":	4.29999828338623,
		"external_temp":	-13,
		"coolant_pressure":	500.4168701171875,
		"coolant_storage":	100,
		"primary_battery_level":	98.742919921875,
		"secondary_battery_level":	100,
		"rover_elapsed_time":	44,
		"sim_running":	true,
		"dust_connected":	true,
		"distance_from_base":	0,
		"oxygen_tank":	100,
		"battery_level":	0,
		"fan_pri_rpm":	0,
		"fan_sec_rpm":	0,
		"scrubber_a_co2_storage":	0,
		"scrubber_b_co2_storage":	0,
		"cabin_temperature_target":	8.0500001907348633
	}
}